appetizers,appetizer
appetizers,appetizers
appetizers,entree
appetizers,entrees
appetizers,starter
appetizers,starters
asian,curries
asian,curry
asian,noodle
asian,noodles
asian,sushi
asian,sushies
atmosphere,ambiance
atmosphere,ambiances
atmosphere,ambience
atmosphere,ambiences
atmosphere,atmosphere
atmosphere,atmospheres
atmosphere,light
atmosphere,lighting
atmosphere,lights
atmosphere,music
bar,bar
bar,bars
bar,bartender
bar,bartenders
booking,book
booking,booking
booking,reservation
booking,reservations
booking,reserve
bread,bread
bread,breads
bread,roll
bread,rolls
breakfast,breakfast
breakfast,breakfasts
breakfast,morning
breakfast,mornings
breakfast,toast
breakfast,toasts
building,architecture
building,architectures
building,building
building,buildings
building,decor
building,decoration
building,decorations
building,furniture
building,furnitures
building,garden
building,gardens
building,hall
building,halls
building,lobbies
building,lobby
building,lounge
building,lounges
building,patio
building,patios
building,salon
building,salons
building,spot
building,spots
cheese,cheese
cheese,cheeses
cleanliness,clean
cleanliness,cleaned
cleanliness,cleaning
cleanliness,cleanliness
cleanliness,smell
coffee,cafe
coffee,cafes
coffee,coffee
coffee,coffees
coffee,tea
coffee,teas
desserts,cake
desserts,cakes
desserts,chocolate
desserts,chocolates
desserts,crust
desserts,crusts
desserts,dessert
desserts,desserts
desserts,pie
desserts,pies
dinner,dinner
dinner,dinners
dinner,evening
dinner,evenings
dinner,night
dinner,nights
drinks,beer
drinks,beers
drinks,drink
drinks,drinks
drinks,wine
drinks,wines
eggs,egg
eggs,eggs
food,food
food,food qualities
food,food quality
food,foods
food,ingredient
food,ingredients
food,qualities
food,quality
food_quantity,portion
food_quantity,portions
food_quantity,quantities
food_quantity,quantity
food_taste,flavor
food_taste,flavorful
food_taste,flavoring
food_taste,flavors
food_taste,flavours
food_taste,taste
food_taste,tasted
food_taste,tastes
hamburgers,burger
hamburgers,burgers
hamburgers,hamburger
hamburgers,hamburgers
hamburgers,sandwich
hamburgers,sandwiches
italian,pasta
italian,pastas
italian,pizza
italian,pizzas
location,beach
location,beaches
location,environment
location,environments
location,lake
location,lakes
location,landscape
location,landscapes
location,location
location,locations
location,mountain
location,mountains
location,neighborhood
location,neighborhoods
location,neighbourhood
location,neighbourhoods
location,river
location,rivers
location,situation
location,situations
location,street
location,streets
location,surrounding
location,surroundings
location,tree
location,trees
location,valley
location,valleys
location,view
location,views
lunch,afternoon
lunch,afternoons
lunch,lunch
lunch,lunches
lunch,noon
lunch,noons
meat,beef
meat,beefs
meat,chicken
meat,chickens
meat,meat
meat,meats
meat,pork
meat,porks
meat,rib   
meat,ribs
meat,steak
meat,steaks
meat,wing
meat,wings
menu,buffet
menu,buffets
menu,cuisine
menu,cuisines
menu,dishe
menu,dishes
menu,meal
menu,meals
menu,menu
menu,menus
menu,plate
menu,plates
menu,varieties
menu,variety
mexican,burrito
mexican,burritos
mexican,chili
mexican,chilis
mexican,nacho
mexican,nachos
mexican,taco
mexican,tacos
parking,parking
parking,parkings
potatoes,chip
potatoes,chips
potatoes,frie
potatoes,fries
potatoes,potato
potatoes,potatoes
price,budget
price,budgets
price,charge
price,cost
price,costs
price,economies
price,economy
price,expensive
price,fee
price,fees
price,money
price,price
price,priced
price,prices
price,pricing
price,rate
price,rates
restrooms,bathroom
restrooms,bathrooms
restrooms,restroom
restrooms,restrooms
restrooms,toilet
restrooms,toilets
rice,rice
rice,rices
sauces,salsa
sauces,salsas
sauces,sauce
sauces,sauces
seafood,cod
seafood,cods
seafood,fish
seafood,fishes
seafood,salmon
seafood,salmons
seafood,seafood
seafood,seafoods
seafood,shrimp
seafood,shrimps
seating,chair
seating,chairs
seating,comfort
seating,comforts
seating,couch
seating,couches
seating,seat
seating,seating
seating,seats
seating,sit
seating,sitting
seating,table
seating,tables
service,attention
service,attentions
service,attitude
service,attitudes
service,server
service,servers
service,service
service,serving
service,servings
shopping,boutique
shopping,boutiques
shopping,mall
shopping,malls
shopping,shop
shopping,shopping
shopping,shops
shopping,store
shopping,stores
soups,soup
soups,soups
staff,boss
staff,bosses
staff,cashier
staff,chef
staff,chefs
staff,employee
staff,employees
staff,hostess
staff,manager
staff,managers
staff,owner
staff,owners
staff,patron
staff,patrons
staff,staff
staff,waiter
staff,waiters
staff,waitress
staff,waitresses
staff,waitstaff
staff,worker
staff,workers
temperature,temperature
temperature,temperatures
transportation,bus
transportation,buses
transportation,cap
transportation,caps
transportation,car
transportation,cars
transportation,metro
transportation,metros
transportation,shuttle
transportation,shuttles
transportation,subway
transportation,subways
transportation,taxi
transportation,taxis
transportation,train
transportation,trains
transportation,transport
transportation,transportation
transportation,transportations
transportation,tube
transportation,tubes
transportation,vehicle
transportation,vehicles
vegetables,bean
vegetables,beans
vegetables,corn
vegetables,corns
vegetables,onion
vegetables,onions
vegetables,pepper
vegetables,peppers
vegetables,salad
vegetables,salads
vegetables,tomato
vegetables,tomatoes
vegetables,vegetable
vegetables,vegetables